bibo.00#http://www.bibel-online.net/buch/%b/%c.html#%c,%v
bibo.01#01.1-mose
bibo.02#02.2-mose
bibo.03#03.3-mose
bibo.04#04.4-mose
bibo.05#05.5-mose
bibo.06#06.josua
bibo.07#07.richter
bibo.08#08.rut
bibo.09#09.1-samuel
bibo.10#10.2-samuel
bibo.11#11.1-koenige
bibo.12#12.2-koenige
bibo.13#13.1-chronik
bibo.14#14.2-chronik
bibo.15#15.esra
bibo.16#16.nehemia
bibo.17#17.ester
bibo.18#18.hiob
bibo.19#19.psalmen
bibo.20#20.sprueche
bibo.21#21.prediger
bibo.22#22.hohelied
bibo.23#23.jesaja
bibo.24#24.jeremia
bibo.25#25.klagelieder
bibo.26#26.hesekiel
bibo.27#27.daniel
bibo.28#28.hosea
bibo.29#29.joel
bibo.30#30.amos
bibo.31#31.obadja
bibo.32#32.jona
bibo.33#33.micha
bibo.34#34.nahum
bibo.35#35.habakuk
bibo.36#36.zephanja
bibo.37#37.haggai
bibo.38#38.sacharja
bibo.39#39.maleachi
bibo.40#40.matthaeus
bibo.41#41.markus
bibo.42#42.lukas
bibo.43#43.johannes
bibo.44#44.apostel
bibo.45#45.roemer
bibo.46#46.1-korinther
bibo.47#47.2-korinther
bibo.48#48.galater
bibo.49#49.epheser
bibo.50#50.philipper
bibo.51#51.kolosser
bibo.52#52.1-thessalonicher
bibo.53#53.2-thessalonicher
bibo.54#54.1-timotheus
bibo.55#55.2-timotheus
bibo.56#56.titus
bibo.57#57.philemon
bibo.58#58.hebraeer
bibo.59#59.jakobus
bibo.60#60.1-petrus
bibo.61#61.2-petrus
bibo.62#62.1-johannes
bibo.63#63.2-johannes
bibo.64#64.3-johannes
bibo.65#65.judas
bibo.66#66.offenbarung
