einh.00#file:///c|/var/pt/natlan/bible/d2/orig/%b00%c.HTM
einh.01#MOS1
einh.02#MOS2
einh.03#MOS3
einh.04#MOS4
einh.05#MOS5
einh.06#JOSU
einh.07#RICH
einh.08#RUT0
einh.09#SAM1
einh.10#SAM2
einh.11#KOE1
einh.12#KOE2
einh.13#CHR1
einh.14#CHR2
einh.15#ESRA
einh.16#NEHE
einh.17#ESTE
einh.18#IJOB
einh.19#PSAL
einh.20#SPRI
einh.21#KOHE
einh.22#HOHE
einh.23#JESA
einh.24#JERE
einh.25#KLAG
einh.26#EZEC
einh.27#DANI
einh.28#HOSE
einh.29#JOEL
einh.30#AMOS
einh.31#OBAD
einh.32#JONA
einh.33#MICH
einh.34#NAHU
einh.35#HABA
einh.36#ZEFA
einh.37#HAGG
einh.38#SACH
einh.39#MALE
einh.40#MATT
einh.41#MARK
einh.42#LUKA
einh.43#JOHA
einh.44#APOS
einh.45#ROEM
einh.46#KOR1
einh.47#KOR2
einh.48#GALA
einh.49#EPHE
einh.50#PHIP
einh.51#KOLO
einh.52#THE1
einh.53#THE2
einh.54#TIM1
einh.55#TIM2
einh.56#TITU
einh.57#PHIL
einh.58#PET1
einh.59#PET2
einh.60#JOH1
einh.61#JOH2
einh.62#JOH3
einh.63#HEBR
einh.64#JAKO
einh.65#JUDA
einh.66#OFFE
einh.67#TOBI
einh.68#JUDI
einh.69#MAK1
einh.70#MAK2
einh.71#WEIS
einh.72#SIRA
einh.73#BARU
